Residence_type,Average_Glucose
Urban,118.79898089171972
Rural,119.19913424124528
